{"cameraMode":{"drawMode":0,"name":"Shaded","section":"Shading Mode"},"sceneLighting":true,"audioPlay":false,"sceneViewState":{"m_AlwaysRefresh":false,"showFog":true,"showSkybox":true,"showFlares":true,"showImageEffects":true,"showParticleSystems":true,"showVisualEffectGraphs":true,"m_FxEnabled":true},"in2DMode":false,"pivot":{"x":2.008146047592163,"y":-17.239084243774415,"z":-185.682861328125},"rotation":{"x":-0.29149654507637026,"y":-0.010908190160989762,"z":0.003324023447930813,"w":-0.9565104246139526},"size":18.691518783569337,"orthographic":false}